Timestamp,Quote,Book / Title,Author,Your Name
12/6/25,Beep Boop,Robots 101,Dr. Clanker,bigal
12/6/25,All unhappy families...,Anna Karenina,Leo Tolstoy,bowex
12/6/25,All unhappy families...,Anna Karenina,Leo Tolstoy,bowex
12/6/25,All unhappy families...,Anna Karenina,Leo Tolstoy,bowex
12/6/25,we love to do things,bOOk,awthawr,bo
12/6/25,i am doing testing once again,its a book,yep,bo
12/6/2025 21:16:25,and we test again,test,test,test
12/6/2025 21:43:35,running up those submissions,blah,blah,blah
12/6/2025 21:43:49,blah,blah,ab,a
12/6/2025 21:43:56,a,a,a,a
12/6/2025 21:44:01,a,a,a,a
12/6/2025 22:48:26,"Rowe scooped up the animal in his arms, careful to keep its damaged hip away from his body. At the connex, he laid the child on the hot, stinking metal. Rowe stepped outside and began to close the doors. He stopped, staring at the mangled creatures inside, his face hung low. He swung the doors shut and vomited in the dust. Did he say… child? Kim wasn’t sure. She pushed past it. I’m sorry you had to do that, Kim said. Why didn’t you report it to someone?",a,a,a
12/6/2025 22:49:07,"Did he say… child? Kim wasn’t sure. She pushed past it. ""I’m sorry you had to do that,"" Kim said. Why didn’t you report it to someone?",a,a,a
, ,,,